metrics,values
loss,0.21473254259632674
precision,0.9115508136721705
accuracy,0.9429190751445087
recall,0.9812021314064202
f1_score,0.9435919547356622
